artist,title,entityType,lang
Miles Davis,Kind of Blue,album,fr
Miles Davis,Kind of Blue,album,en
Miles Davis,Bitches Brew,album,fr
Miles Davis,Bitches Brew,album,en
Miles Davis,In a Silent Way,album,fr
Miles Davis,In a Silent Way,album,en
Miles Davis,On the Corner,album,fr
Miles Davis,On the Corner,album,en
Miles Davis,Sketches of Spain,album,fr
Miles Davis,Sketches of Spain,album,en
John Coltrane,A Love Supreme,album,fr
John Coltrane,A Love Supreme,album,en
John Coltrane,Giant Steps,album,fr
John Coltrane,Giant Steps,album,en
John Coltrane,Ascension,album,fr
John Coltrane,Ascension,album,en
John Coltrane,Blue Train,album,fr
John Coltrane,Blue Train,album,en
John Coltrane,Interstellar Space,album,fr
John Coltrane,Interstellar Space,album,en
Charles Mingus,The Black Saint and the Sinner Lady,album,fr
Charles Mingus,The Black Saint and the Sinner Lady,album,en
Charles Mingus,Mingus Ah Um,album,fr
Charles Mingus,Mingus Ah Um,album,en
Charles Mingus,Mingus Mingus Mingus Mingus Mingus,album,fr
Charles Mingus,Mingus Mingus Mingus Mingus Mingus,album,en
Ornette Coleman,The Shape of Jazz to Come,album,fr
Ornette Coleman,The Shape of Jazz to Come,album,en
Ornette Coleman,Free Jazz,album,fr
Ornette Coleman,Free Jazz,album,en
Bill Evans,Waltz for Debby,album,fr
Bill Evans,Waltz for Debby,album,en
Bill Evans,Kind of Blue,album,fr
Bill Evans,Kind of Blue,album,en
Thelonious Monk,Monk's Dream,album,fr
Thelonious Monk,Monk's Dream,album,en
Thelonious Monk,Brilliant Corners,album,fr
Thelonious Monk,Brilliant Corners,album,en
Cecil Taylor,Unit Structures,album,fr
Cecil Taylor,Unit Structures,album,en
Sun Ra,Space Is the Place,album,fr
Sun Ra,Space Is the Place,album,en
Albert Ayler,Spiritual Unity,album,fr
Albert Ayler,Spiritual Unity,album,en
Eric Dolphy,Out to Lunch!,album,fr
Eric Dolphy,Out to Lunch!,album,en
Herbie Hancock,Head Hunters,album,fr
Herbie Hancock,Head Hunters,album,en
Herbie Hancock,Maiden Voyage,album,fr
Herbie Hancock,Maiden Voyage,album,en
Wayne Shorter,Speak No Evil,album,fr
Wayne Shorter,Speak No Evil,album,en
Wayne Shorter,Juju,album,fr
Wayne Shorter,Juju,album,en
Keith Jarrett,The Köln Concert,album,fr
Keith Jarrett,The Köln Concert,album,en
Keith Jarrett,Belonging,album,fr
Keith Jarrett,Belonging,album,en
Pat Metheny,Bright Size Life,album,fr
Pat Metheny,Bright Size Life,album,en
Dave Holland,Conference of the Birds,album,fr
Dave Holland,Conference of the Birds,album,en
Paul Bley,"Open, to Love",album,fr
Paul Bley,"Open, to Love",album,en
Don Cherry,Organic Music Society,album,fr
Don Cherry,Organic Music Society,album,en
Art Ensemble of Chicago,Nice Guys,album,fr
Art Ensemble of Chicago,Nice Guys,album,en
Anthony Braxton,For Alto,album,fr
Anthony Braxton,For Alto,album,en
Archie Shepp,Fire Music,album,fr
Archie Shepp,Fire Music,album,en
Pharoah Sanders,Karma,album,fr
Pharoah Sanders,Karma,album,en
Pharoah Sanders,Thembi,album,fr
Pharoah Sanders,Thembi,album,en
Jan Garbarek,Officium,album,fr
Jan Garbarek,Officium,album,en
Nils Petter Molvær,Khmer,album,fr
Nils Petter Molvær,Khmer,album,en
Esbjörn Svensson Trio,From Gagarin's Point of View,album,fr
Esbjörn Svensson Trio,From Gagarin's Point of View,album,en
Brad Mehldau,The Art of the Trio Vol. 3,album,fr
Brad Mehldau,The Art of the Trio Vol. 3,album,en
Vijay Iyer,Accelerando,album,fr
Vijay Iyer,Accelerando,album,en
Kamasi Washington,The Epic,album,fr
Kamasi Washington,The Epic,album,en
Robert Glasper,Black Radio,album,fr
Robert Glasper,Black Radio,album,en
Flying Lotus,Cosmogramma,album,fr
Flying Lotus,Cosmogramma,album,en
Thundercat,Drunk,album,fr
Thundercat,Drunk,album,en
Meshell Ndegeocello,Plantation Lullabies,album,fr
Meshell Ndegeocello,Plantation Lullabies,album,en
Miles Davis,,artist,fr
Miles Davis,,artist,en
John Coltrane,,artist,fr
John Coltrane,,artist,en
Charles Mingus,,artist,fr
Charles Mingus,,artist,en
Ornette Coleman,,artist,fr
Ornette Coleman,,artist,en
Bill Evans,,artist,fr
Bill Evans,,artist,en
Thelonious Monk,,artist,fr
Thelonious Monk,,artist,en
Cecil Taylor,,artist,fr
Cecil Taylor,,artist,en
Sun Ra,,artist,fr
Sun Ra,,artist,en
Albert Ayler,,artist,fr
Albert Ayler,,artist,en
Eric Dolphy,,artist,fr
Eric Dolphy,,artist,en
Herbie Hancock,,artist,fr
Herbie Hancock,,artist,en
Wayne Shorter,,artist,fr
Wayne Shorter,,artist,en
Keith Jarrett,,artist,fr
Keith Jarrett,,artist,en
Pharoah Sanders,,artist,fr
Pharoah Sanders,,artist,en
Kamasi Washington,,artist,fr
Kamasi Washington,,artist,en
Flying Lotus,,artist,fr
Flying Lotus,,artist,en
Thundercat,,artist,fr
Thundercat,,artist,en
Vijay Iyer,,artist,fr
Vijay Iyer,,artist,en
Robert Glasper,,artist,fr
Robert Glasper,,artist,en
Burial,Untrue,album,fr
Burial,Untrue,album,en
Burial,Burial,album,fr
Burial,Burial,album,en
Autechre,Amber,album,fr
Autechre,Amber,album,en
Autechre,Tri Repetae,album,fr
Autechre,Tri Repetae,album,en
Autechre,LP5,album,fr
Autechre,LP5,album,en
Autechre,Confield,album,fr
Autechre,Confield,album,en
Aphex Twin,Selected Ambient Works Volume II,album,fr
Aphex Twin,Selected Ambient Works Volume II,album,en
Aphex Twin,Richard D. James Album,album,fr
Aphex Twin,Richard D. James Album,album,en
Aphex Twin,Drukqs,album,fr
Aphex Twin,Drukqs,album,en
Boards of Canada,Music Has the Right to Children,album,fr
Boards of Canada,Music Has the Right to Children,album,en
Boards of Canada,Geogaddi,album,fr
Boards of Canada,Geogaddi,album,en
The Caretaker,Everywhere at the End of Time,album,fr
The Caretaker,Everywhere at the End of Time,album,en
Arca,Xen,album,fr
Arca,Xen,album,en
Arca,Mutant,album,fr
Arca,Mutant,album,en
Arca,Arca,album,fr
Arca,Arca,album,en
Actress,R.I.P,album,fr
Actress,R.I.P,album,en
Actress,Ghettoville,album,fr
Actress,Ghettoville,album,en
Four Tet,Rounds,album,fr
Four Tet,Rounds,album,en
Four Tet,There Is Love in You,album,fr
Four Tet,There Is Love in You,album,en
Emptyset,Recur,album,fr
Emptyset,Recur,album,en
Oneohtrix Point Never,Returnal,album,fr
Oneohtrix Point Never,Returnal,album,en
Oneohtrix Point Never,R Plus Seven,album,fr
Oneohtrix Point Never,R Plus Seven,album,en
Oneohtrix Point Never,Garden of Delete,album,fr
Oneohtrix Point Never,Garden of Delete,album,en
Dean Blunt,The Redeemer,album,fr
Dean Blunt,The Redeemer,album,en
Dean Blunt,Black Metal,album,fr
Dean Blunt,Black Metal,album,en
Pan Daijing,Lack,album,fr
Pan Daijing,Lack,album,en
Eartheater,Phoenix: Flames Are Dew Upon My Skin,album,fr
Eartheater,Phoenix: Flames Are Dew Upon My Skin,album,en
Klein,Lifetime,album,fr
Klein,Lifetime,album,en
Objekt,Flatland,album,fr
Objekt,Flatland,album,en
Andy Stott,Luxury Problems,album,fr
Andy Stott,Luxury Problems,album,en
Andy Stott,Faith in Strangers,album,fr
Andy Stott,Faith in Strangers,album,en
Demdike Stare,Testpressing,album,fr
Demdike Stare,Testpressing,album,en
Shackleton,Three EPs,album,fr
Shackleton,Three EPs,album,en
Merzbow,Pulse Demon,album,fr
Merzbow,Pulse Demon,album,en
Coil,Horse Rotorvator,album,fr
Coil,Horse Rotorvator,album,en
Coil,Love's Secret Domain,album,fr
Coil,Love's Secret Domain,album,en
Current 93,Thunder Perfect Mind,album,fr
Current 93,Thunder Perfect Mind,album,en
Nurse with Wound,Soliloquy for Lilith,album,fr
Nurse with Wound,Soliloquy for Lilith,album,en
Stars of the Lid,And Their Refinement of the Decline,album,fr
Stars of the Lid,And Their Refinement of the Decline,album,en
Tim Hecker,"Ravedeath, 1972",album,fr
Tim Hecker,"Ravedeath, 1972",album,en
Tim Hecker,Harmony in Ultraviolet,album,fr
Tim Hecker,Harmony in Ultraviolet,album,en
William Basinski,Disintegration Loops,album,fr
William Basinski,Disintegration Loops,album,en
Grouper,Dragging a Dead Deer Up a Hill,album,fr
Grouper,Dragging a Dead Deer Up a Hill,album,en
Grouper,AIA: Alien Observer,album,fr
Grouper,AIA: Alien Observer,album,en
Julianna Barwick,Nepenthe,album,fr
Julianna Barwick,Nepenthe,album,en
Laurel Halo,Quarantine,album,fr
Laurel Halo,Quarantine,album,en
Holly Herndon,Platform,album,fr
Holly Herndon,Platform,album,en
Holly Herndon,PROTO,album,fr
Holly Herndon,PROTO,album,en
Terre Thaemlitz,Couture Cosmetique,album,fr
Terre Thaemlitz,Couture Cosmetique,album,en
Mika Vainio,Vandalism,album,fr
Mika Vainio,Vandalism,album,en
Eliane Radigue,Trilogie de la Mort,album,fr
Eliane Radigue,Trilogie de la Mort,album,en
Alva Noto,Unitxt,album,fr
Alva Noto,Unitxt,album,en
Ryoji Ikeda,Test Pattern,album,fr
Ryoji Ikeda,Test Pattern,album,en
Fennesz,Endless Summer,album,fr
Fennesz,Endless Summer,album,en
Fennesz,Venice,album,fr
Fennesz,Venice,album,en
Gas,Narkopop,album,fr
Gas,Narkopop,album,en
Gas,Pop,album,fr
Gas,Pop,album,en
Pole,Steingarten,album,fr
Pole,Steingarten,album,en
Basic Channel,BCD,album,fr
Basic Channel,BCD,album,en
Drexciya,Neptune's Lair,album,fr
Drexciya,Neptune's Lair,album,en
Detroit Techno compilation,Techno! The New Dance Sound of Detroit,album,fr
Detroit Techno compilation,Techno! The New Dance Sound of Detroit,album,en
Plastikman,Consumed,album,fr
Plastikman,Consumed,album,en
Sandwell District,Feed-Forward,album,fr
Sandwell District,Feed-Forward,album,en
Burial,Rival Dealer,album,fr
Burial,Rival Dealer,album,en
Machinedrum,Room(s),album,fr
Machinedrum,Room(s),album,en
Dabrye,One/Three,album,fr
Dabrye,One/Three,album,en
Prefuse 73,Vocal Studies + Uprock Narratives,album,fr
Prefuse 73,Vocal Studies + Uprock Narratives,album,en
Squarepusher,Feed Me Weird Things,album,fr
Squarepusher,Feed Me Weird Things,album,en
Squarepusher,Hard Normal Daddy,album,fr
Squarepusher,Hard Normal Daddy,album,en
LFO,Frequencies,album,fr
LFO,Frequencies,album,en
Orbital,Brown Album,album,fr
Orbital,Brown Album,album,en
The Prodigy,Music for the Jilted Generation,album,fr
The Prodigy,Music for the Jilted Generation,album,en
Portishead,Dummy,album,fr
Portishead,Dummy,album,en
Portishead,Portishead,album,fr
Portishead,Portishead,album,en
Massive Attack,Mezzanine,album,fr
Massive Attack,Mezzanine,album,en
Massive Attack,Blue Lines,album,fr
Massive Attack,Blue Lines,album,en
Tricky,Maxinquaye,album,fr
Tricky,Maxinquaye,album,en
Björk,Homogenic,album,fr
Björk,Homogenic,album,en
Björk,Vespertine,album,fr
Björk,Vespertine,album,en
Björk,Medúlla,album,fr
Björk,Medúlla,album,en
Björk,Vulnicura,album,fr
Björk,Vulnicura,album,en
Death Grips,The Money Store,album,fr
Death Grips,The Money Store,album,en
Death Grips,Bottomless Pit,album,fr
Death Grips,Bottomless Pit,album,en
clipping.,Splendor & Misery,album,fr
clipping.,Splendor & Misery,album,en
Injury Reserve,By the Time I Get to Phoenix,album,fr
Injury Reserve,By the Time I Get to Phoenix,album,en
Burial,,artist,fr
Burial,,artist,en
Autechre,,artist,fr
Autechre,,artist,en
Aphex Twin,,artist,fr
Aphex Twin,,artist,en
Boards of Canada,,artist,fr
Boards of Canada,,artist,en
The Caretaker,,artist,fr
The Caretaker,,artist,en
Arca,,artist,fr
Arca,,artist,en
Actress,,artist,fr
Actress,,artist,en
Four Tet,,artist,fr
Four Tet,,artist,en
Oneohtrix Point Never,,artist,fr
Oneohtrix Point Never,,artist,en
Dean Blunt,,artist,fr
Dean Blunt,,artist,en
Tim Hecker,,artist,fr
Tim Hecker,,artist,en
William Basinski,,artist,fr
William Basinski,,artist,en
Grouper,,artist,fr
Grouper,,artist,en
Eliane Radigue,,artist,fr
Eliane Radigue,,artist,en
Fennesz,,artist,fr
Fennesz,,artist,en
Gas,,artist,fr
Gas,,artist,en
Andy Stott,,artist,fr
Andy Stott,,artist,en
Death Grips,,artist,fr
Death Grips,,artist,en
clipping.,,artist,fr
clipping.,,artist,en
Holly Herndon,,artist,fr
Holly Herndon,,artist,en
Laurel Halo,,artist,fr
Laurel Halo,,artist,en
Pan Daijing,,artist,fr
Pan Daijing,,artist,en
Merzbow,,artist,fr
Merzbow,,artist,en
Coil,,artist,fr
Coil,,artist,en
Talk Talk,Spirit of Eden,album,fr
Talk Talk,Spirit of Eden,album,en
Talk Talk,Laughing Stock,album,fr
Talk Talk,Laughing Stock,album,en
Scott Walker,Tilt,album,fr
Scott Walker,Tilt,album,en
Scott Walker,The Drift,album,fr
Scott Walker,The Drift,album,en
Scott Walker,Bish Bosch,album,fr
Scott Walker,Bish Bosch,album,en
Slint,Spiderland,album,fr
Slint,Spiderland,album,en
Tortoise,Millions Now Living Will Never Die,album,fr
Tortoise,Millions Now Living Will Never Die,album,en
Tortoise,TNT,album,fr
Tortoise,TNT,album,en
Godspeed You! Black Emperor,Lift Your Skinny Fists Like Antennas to Heaven,album,fr
Godspeed You! Black Emperor,Lift Your Skinny Fists Like Antennas to Heaven,album,en
Godspeed You! Black Emperor,F♯ A♯ ∞,album,fr
Godspeed You! Black Emperor,F♯ A♯ ∞,album,en
Godspeed You! Black Emperor,Yanqui U.X.O.,album,fr
Godspeed You! Black Emperor,Yanqui U.X.O.,album,en
Godspeed You! Black Emperor,"Asunder, Sweet and Other Distress",album,fr
Godspeed You! Black Emperor,"Asunder, Sweet and Other Distress",album,en
Explosions in the Sky,The Earth Is Not a Cold Dead Place,album,fr
Explosions in the Sky,The Earth Is Not a Cold Dead Place,album,en
Mogwai,Young Team,album,fr
Mogwai,Young Team,album,en
Mogwai,Come On Die Young,album,fr
Mogwai,Come On Die Young,album,en
Mogwai,Rock Action,album,fr
Mogwai,Rock Action,album,en
Swans,Filth,album,fr
Swans,Filth,album,en
Swans,Children of God,album,fr
Swans,Children of God,album,en
Swans,The Seer,album,fr
Swans,The Seer,album,en
Swans,To Be Kind,album,fr
Swans,To Be Kind,album,en
My Bloody Valentine,Loveless,album,fr
My Bloody Valentine,Loveless,album,en
My Bloody Valentine,Isn't Anything,album,fr
My Bloody Valentine,Isn't Anything,album,en
Sonic Youth,Daydream Nation,album,fr
Sonic Youth,Daydream Nation,album,en
Sonic Youth,Goo,album,fr
Sonic Youth,Goo,album,en
Pavement,Slanted and Enchanted,album,fr
Pavement,Slanted and Enchanted,album,en
Pavement,"Crooked Rain, Crooked Rain",album,fr
Pavement,"Crooked Rain, Crooked Rain",album,en
Radiohead,OK Computer,album,fr
Radiohead,OK Computer,album,en
Radiohead,Kid A,album,fr
Radiohead,Kid A,album,en
Radiohead,Amnesiac,album,fr
Radiohead,Amnesiac,album,en
Radiohead,In Rainbows,album,fr
Radiohead,In Rainbows,album,en
Radiohead,The Bends,album,fr
Radiohead,The Bends,album,en
Thom Yorke,The Eraser,album,fr
Thom Yorke,The Eraser,album,en
PJ Harvey,Rid of Me,album,fr
PJ Harvey,Rid of Me,album,en
PJ Harvey,"Stories from the City, Stories from the Sea",album,fr
PJ Harvey,"Stories from the City, Stories from the Sea",album,en
PJ Harvey,Let England Shake,album,fr
PJ Harvey,Let England Shake,album,en
Nick Cave and the Bad Seeds,Murder Ballads,album,fr
Nick Cave and the Bad Seeds,Murder Ballads,album,en
Nick Cave and the Bad Seeds,The Boatman's Call,album,fr
Nick Cave and the Bad Seeds,The Boatman's Call,album,en
Nick Cave and the Bad Seeds,Skeleton Tree,album,fr
Nick Cave and the Bad Seeds,Skeleton Tree,album,en
Nick Cave and the Bad Seeds,Ghosteen,album,fr
Nick Cave and the Bad Seeds,Ghosteen,album,en
Nick Cave and the Bad Seeds,Push the Sky Away,album,fr
Nick Cave and the Bad Seeds,Push the Sky Away,album,en
The Fall,Hex Enduction Hour,album,fr
The Fall,Hex Enduction Hour,album,en
The Fall,This Nation's Saving Grace,album,fr
The Fall,This Nation's Saving Grace,album,en
Wire,Pink Flag,album,fr
Wire,Pink Flag,album,en
Wire,Chairs Missing,album,fr
Wire,Chairs Missing,album,en
Gang of Four,Entertainment!,album,fr
Gang of Four,Entertainment!,album,en
Pere Ubu,Dub Housing,album,fr
Pere Ubu,Dub Housing,album,en
Magazine,Real Life,album,fr
Magazine,Real Life,album,en
The Pop Group,Y,album,fr
The Pop Group,Y,album,en
Felt,Crumbling the Antiseptic Beauty,album,fr
Felt,Crumbling the Antiseptic Beauty,album,en
The Durutti Column,The Return of the Durutti Column,album,fr
The Durutti Column,The Return of the Durutti Column,album,en
Mark Hollis,Mark Hollis,album,fr
Mark Hollis,Mark Hollis,album,en
Low,Things We Lost in the Fire,album,fr
Low,Things We Lost in the Fire,album,en
Low,The Great Destroyer,album,fr
Low,The Great Destroyer,album,en
Low,Double Negative,album,fr
Low,Double Negative,album,en
Have a Nice Life,Deathconsciousness,album,fr
Have a Nice Life,Deathconsciousness,album,en
Microphones,The Glow Pt. 2,album,fr
Microphones,The Glow Pt. 2,album,en
Mount Eerie,A Crow Looked at Me,album,fr
Mount Eerie,A Crow Looked at Me,album,en
Mount Eerie,Now Only,album,fr
Mount Eerie,Now Only,album,en
Sufjan Stevens,Illinois,album,fr
Sufjan Stevens,Illinois,album,en
Sufjan Stevens,Carrie & Lowell,album,fr
Sufjan Stevens,Carrie & Lowell,album,en
Bon Iver,"For Emma, Forever Ago",album,fr
Bon Iver,"For Emma, Forever Ago",album,en
Bon Iver,Bon Iver,album,fr
Bon Iver,Bon Iver,album,en
Joanna Newsom,Ys,album,fr
Joanna Newsom,Ys,album,en
Joanna Newsom,Have One on Me,album,fr
Joanna Newsom,Have One on Me,album,en
Animal Collective,Feels,album,fr
Animal Collective,Feels,album,en
Animal Collective,Merriweather Post Pavilion,album,fr
Animal Collective,Merriweather Post Pavilion,album,en
Deerhunter,Microcastle,album,fr
Deerhunter,Microcastle,album,en
Deerhunter,Halcyon Digest,album,fr
Deerhunter,Halcyon Digest,album,en
Beach House,Teen Dream,album,fr
Beach House,Teen Dream,album,en
Beach House,Bloom,album,fr
Beach House,Bloom,album,en
Beach House,Depression Cherry,album,fr
Beach House,Depression Cherry,album,en
Arcade Fire,Funeral,album,fr
Arcade Fire,Funeral,album,en
Arcade Fire,The Suburbs,album,fr
Arcade Fire,The Suburbs,album,en
The National,Alligator,album,fr
The National,Alligator,album,en
The National,Boxer,album,fr
The National,Boxer,album,en
The National,Sleep Well Beast,album,fr
The National,Sleep Well Beast,album,en
Dirty Projectors,Bitte Orca,album,fr
Dirty Projectors,Bitte Orca,album,en
Julia Holter,Ekstasis,album,fr
Julia Holter,Ekstasis,album,en
Julia Holter,Loud City Song,album,fr
Julia Holter,Loud City Song,album,en
Julia Holter,Have You in My Wilderness,album,fr
Julia Holter,Have You in My Wilderness,album,en
Weyes Blood,Titanic Rising,album,fr
Weyes Blood,Titanic Rising,album,en
Angel Olsen,Burn Your Fire for No Witness,album,fr
Angel Olsen,Burn Your Fire for No Witness,album,en
Angel Olsen,My Woman,album,fr
Angel Olsen,My Woman,album,en
Sharon Van Etten,Tramp,album,fr
Sharon Van Etten,Tramp,album,en
Aldous Harding,Party,album,fr
Aldous Harding,Party,album,en
Aldous Harding,Designer,album,fr
Aldous Harding,Designer,album,en
Caroline Polachek,Pang,album,fr
Caroline Polachek,Pang,album,en
James Blake,James Blake,album,fr
James Blake,James Blake,album,en
James Blake,Overgrown,album,fr
James Blake,Overgrown,album,en
Frank Ocean,Blonde,album,fr
Frank Ocean,Blonde,album,en
Frank Ocean,Channel Orange,album,fr
Frank Ocean,Channel Orange,album,en
Solange,A Seat at the Table,album,fr
Solange,A Seat at the Table,album,en
Solange,When I Get Home,album,fr
Solange,When I Get Home,album,en
Talk Talk,,artist,fr
Talk Talk,,artist,en
Scott Walker,,artist,fr
Scott Walker,,artist,en
Slint,,artist,fr
Slint,,artist,en
Godspeed You! Black Emperor,,artist,fr
Godspeed You! Black Emperor,,artist,en
Swans,,artist,fr
Swans,,artist,en
My Bloody Valentine,,artist,fr
My Bloody Valentine,,artist,en
Radiohead,,artist,fr
Radiohead,,artist,en
PJ Harvey,,artist,fr
PJ Harvey,,artist,en
Nick Cave and the Bad Seeds,,artist,fr
Nick Cave and the Bad Seeds,,artist,en
The Fall,,artist,fr
The Fall,,artist,en
Wire,,artist,fr
Wire,,artist,en
Low,,artist,fr
Low,,artist,en
Mount Eerie,,artist,fr
Mount Eerie,,artist,en
Joanna Newsom,,artist,fr
Joanna Newsom,,artist,en
Julia Holter,,artist,fr
Julia Holter,,artist,en
Weyes Blood,,artist,fr
Weyes Blood,,artist,en
James Blake,,artist,fr
James Blake,,artist,en
Frank Ocean,,artist,fr
Frank Ocean,,artist,en
Solange,,artist,fr
Solange,,artist,en
Beach House,,artist,fr
Beach House,,artist,en
Animal Collective,,artist,fr
Animal Collective,,artist,en
Deerhunter,,artist,fr
Deerhunter,,artist,en
Have a Nice Life,,artist,fr
Have a Nice Life,,artist,en
Kendrick Lamar,To Pimp a Butterfly,album,fr
Kendrick Lamar,To Pimp a Butterfly,album,en
Kendrick Lamar,"good kid, m.A.A.d city",album,fr
Kendrick Lamar,"good kid, m.A.A.d city",album,en
Kendrick Lamar,DAMN.,album,fr
Kendrick Lamar,DAMN.,album,en
Kendrick Lamar,Mr. Morale & The Big Steppers,album,fr
Kendrick Lamar,Mr. Morale & The Big Steppers,album,en
Madlib,Madvillainy,album,fr
Madlib,Madvillainy,album,en
MF DOOM,Operation: Doomsday,album,fr
MF DOOM,Operation: Doomsday,album,en
MF DOOM,MM.. FOOD,album,fr
MF DOOM,MM.. FOOD,album,en
De La Soul,3 Feet High and Rising,album,fr
De La Soul,3 Feet High and Rising,album,en
De La Soul,De La Soul Is Dead,album,fr
De La Soul,De La Soul Is Dead,album,en
A Tribe Called Quest,The Low End Theory,album,fr
A Tribe Called Quest,The Low End Theory,album,en
A Tribe Called Quest,Midnight Marauders,album,fr
A Tribe Called Quest,Midnight Marauders,album,en
Wu-Tang Clan,Enter the Wu-Tang (36 Chambers),album,fr
Wu-Tang Clan,Enter the Wu-Tang (36 Chambers),album,en
GZA,Liquid Swords,album,fr
GZA,Liquid Swords,album,en
Raekwon,Only Built 4 Cuban Linx...,album,fr
Raekwon,Only Built 4 Cuban Linx...,album,en
Jay-Z,The Blueprint,album,fr
Jay-Z,The Blueprint,album,en
Nas,Illmatic,album,fr
Nas,Illmatic,album,en
The Notorious B.I.G.,Ready to Die,album,fr
The Notorious B.I.G.,Ready to Die,album,en
Outkast,Aquemini,album,fr
Outkast,Aquemini,album,en
Outkast,Stankonia,album,fr
Outkast,Stankonia,album,en
Outkast,Speakerboxxx/The Love Below,album,fr
Outkast,Speakerboxxx/The Love Below,album,en
Kanye West,The College Dropout,album,fr
Kanye West,The College Dropout,album,en
Kanye West,Late Registration,album,fr
Kanye West,Late Registration,album,en
Kanye West,My Beautiful Dark Twisted Fantasy,album,fr
Kanye West,My Beautiful Dark Twisted Fantasy,album,en
Kanye West,Yeezus,album,fr
Kanye West,Yeezus,album,en
Kanye West,808s & Heartbreak,album,fr
Kanye West,808s & Heartbreak,album,en
Lil Wayne,Tha Carter III,album,fr
Lil Wayne,Tha Carter III,album,en
Drake,Take Care,album,fr
Drake,Take Care,album,en
Tyler the Creator,Goblin,album,fr
Tyler the Creator,Goblin,album,en
Tyler the Creator,Flower Boy,album,fr
Tyler the Creator,Flower Boy,album,en
Tyler the Creator,IGOR,album,fr
Tyler the Creator,IGOR,album,en
Earl Sweatshirt,Doris,album,fr
Earl Sweatshirt,Doris,album,en
Earl Sweatshirt,"I Don't Like Shit, I Don't Go Outside",album,fr
Earl Sweatshirt,"I Don't Like Shit, I Don't Go Outside",album,en
Vince Staples,Summertime '06,album,fr
Vince Staples,Summertime '06,album,en
Vince Staples,Big Fish Theory,album,fr
Vince Staples,Big Fish Theory,album,en
Danny Brown,XXX,album,fr
Danny Brown,XXX,album,en
Danny Brown,Atrocity Exhibition,album,fr
Danny Brown,Atrocity Exhibition,album,en
clipping.,CLPPNG,album,fr
clipping.,CLPPNG,album,en
Death Grips,Exmilitary,album,fr
Death Grips,Exmilitary,album,en
Death Grips,Niggas on the Moon,album,fr
Death Grips,Niggas on the Moon,album,en
JPEGMAFIA,Veteran,album,fr
JPEGMAFIA,Veteran,album,en
JPEGMAFIA,All My Heroes Are Cornballs,album,fr
JPEGMAFIA,All My Heroes Are Cornballs,album,en
billy woods,Hiding Places,album,fr
billy woods,Hiding Places,album,en
billy woods,Aethiopes,album,fr
billy woods,Aethiopes,album,en
Armand Hammer,Rome,album,fr
Armand Hammer,Rome,album,en
Mach-Hommy,Pray for Haiti,album,fr
Mach-Hommy,Pray for Haiti,album,en
Ka,Grief Pedigree,album,fr
Ka,Grief Pedigree,album,en
Roc Marciano,Marcberg,album,fr
Roc Marciano,Marcberg,album,en
Freddie Gibbs,Piñata,album,fr
Freddie Gibbs,Piñata,album,en
Freddie Gibbs,Bandana,album,fr
Freddie Gibbs,Bandana,album,en
Isaiah Rashad,Cilvia Demo,album,fr
Isaiah Rashad,Cilvia Demo,album,en
SZA,Ctrl,album,fr
SZA,Ctrl,album,en
Noname,Telefone,album,fr
Noname,Telefone,album,en
Noname,Room 25,album,fr
Noname,Room 25,album,en
Lomepal,Jeannine,album,fr
Lomepal,Jeannine,album,en
Nekfeu,Cyborg,album,fr
Nekfeu,Cyborg,album,en
SCH,JVLIVS,album,fr
SCH,JVLIVS,album,en
Damso,Batterie Faible,album,fr
Damso,Batterie Faible,album,en
Damso,Lithopédion,album,fr
Damso,Lithopédion,album,en
Stromae,Racine Carrée,album,fr
Stromae,Racine Carrée,album,en
Orelsan,La Fête est finie,album,fr
Orelsan,La Fête est finie,album,en
Orelsan,Civilisation,album,fr
Orelsan,Civilisation,album,en
Laylow,Trinity,album,fr
Laylow,Trinity,album,en
Hamza,Sincèrement,album,fr
Hamza,Sincèrement,album,en
Freeze Corleone,LMF,album,fr
Freeze Corleone,LMF,album,en
Médine,Protest Song,album,fr
Médine,Protest Song,album,en
Oxmo Puccino,Lipopette Bar,album,fr
Oxmo Puccino,Lipopette Bar,album,en
IAM,L'École du micro d'argent,album,fr
IAM,L'École du micro d'argent,album,en
NTM,Paris sous les bombes,album,fr
NTM,Paris sous les bombes,album,en
MC Solaar,Prose Combat,album,fr
MC Solaar,Prose Combat,album,en
Booba,Temps mort,album,fr
Booba,Temps mort,album,en
Booba,Lunatic,album,fr
Booba,Lunatic,album,en
Lunatic,Mauvais œil,album,fr
Lunatic,Mauvais œil,album,en
Kendrick Lamar,,artist,fr
Kendrick Lamar,,artist,en
MF DOOM,,artist,fr
MF DOOM,,artist,en
Madlib,,artist,fr
Madlib,,artist,en
De La Soul,,artist,fr
De La Soul,,artist,en
A Tribe Called Quest,,artist,fr
A Tribe Called Quest,,artist,en
Outkast,,artist,fr
Outkast,,artist,en
Kanye West,,artist,fr
Kanye West,,artist,en
Tyler the Creator,,artist,fr
Tyler the Creator,,artist,en
Earl Sweatshirt,,artist,fr
Earl Sweatshirt,,artist,en
Danny Brown,,artist,fr
Danny Brown,,artist,en
JPEGMAFIA,,artist,fr
JPEGMAFIA,,artist,en
billy woods,,artist,fr
billy woods,,artist,en
Armand Hammer,,artist,fr
Armand Hammer,,artist,en
Vince Staples,,artist,fr
Vince Staples,,artist,en
Injury Reserve,,artist,fr
Injury Reserve,,artist,en
Damso,,artist,fr
Damso,,artist,en
SCH,,artist,fr
SCH,,artist,en
Orelsan,,artist,fr
Orelsan,,artist,en
Laylow,,artist,fr
Laylow,,artist,en
Freeze Corleone,,artist,fr
Freeze Corleone,,artist,en
Stromae,,artist,fr
Stromae,,artist,en
Nekfeu,,artist,fr
Nekfeu,,artist,en
Lomepal,,artist,fr
Lomepal,,artist,en
Steve Reich,Music for 18 Musicians,album,fr
Steve Reich,Music for 18 Musicians,album,en
Steve Reich,Different Trains,album,fr
Steve Reich,Different Trains,album,en
Philip Glass,Glassworks,album,fr
Philip Glass,Glassworks,album,en
Philip Glass,Einstein on the Beach,album,fr
Philip Glass,Einstein on the Beach,album,en
Arvo Pärt,Tabula Rasa,album,fr
Arvo Pärt,Tabula Rasa,album,en
Arvo Pärt,Spiegel im Spiegel,album,fr
Arvo Pärt,Spiegel im Spiegel,album,en
Morton Feldman,Rothko Chapel,album,fr
Morton Feldman,Rothko Chapel,album,en
Morton Feldman,For Philip Guston,album,fr
Morton Feldman,For Philip Guston,album,en
Iannis Xenakis,Metastaseis,album,fr
Iannis Xenakis,Metastaseis,album,en
Olivier Messiaen,Quartet for the End of Time,album,fr
Olivier Messiaen,Quartet for the End of Time,album,en
John Cage,"4'33""",album,fr
John Cage,"4'33""",album,en
John Cage,Music of Changes,album,fr
John Cage,Music of Changes,album,en
Karlheinz Stockhausen,Gesang der Jünglinge,album,fr
Karlheinz Stockhausen,Gesang der Jünglinge,album,en
Luigi Nono,Prometeo,album,fr
Luigi Nono,Prometeo,album,en
Pierre Boulez,Le Marteau sans maître,album,fr
Pierre Boulez,Le Marteau sans maître,album,en
Helmut Lachenmann,Air,album,fr
Helmut Lachenmann,Air,album,en
György Ligeti,Études pour piano,album,fr
György Ligeti,Études pour piano,album,en
George Crumb,Black Angels,album,fr
George Crumb,Black Angels,album,en
Pauline Oliveros,Deep Listening,album,fr
Pauline Oliveros,Deep Listening,album,en
Alvin Lucier,I Am Sitting in a Room,album,fr
Alvin Lucier,I Am Sitting in a Room,album,en
La Monte Young,The Well-Tuned Piano,album,fr
La Monte Young,The Well-Tuned Piano,album,en
Terry Riley,In C,album,fr
Terry Riley,In C,album,en
Terry Riley,A Rainbow in Curved Air,album,fr
Terry Riley,A Rainbow in Curved Air,album,en
Gavin Bryars,The Sinking of the Titanic,album,fr
Gavin Bryars,The Sinking of the Titanic,album,en
Harold Budd,The Plateaux of Mirror,album,fr
Harold Budd,The Plateaux of Mirror,album,en
Brian Eno,Discreet Music,album,fr
Brian Eno,Discreet Music,album,en
Brian Eno,Ambient 1: Music for Airports,album,fr
Brian Eno,Ambient 1: Music for Airports,album,en
Brian Eno,The Pearl,album,fr
Brian Eno,The Pearl,album,en
Charlemagne Palestine,Strumming Music,album,fr
Charlemagne Palestine,Strumming Music,album,en
Meredith Monk,Dolmen Music,album,fr
Meredith Monk,Dolmen Music,album,en
Georg Friedrich Haas,in vain,album,fr
Georg Friedrich Haas,in vain,album,en
Salvatore Sciarrino,Carnaval,album,fr
Salvatore Sciarrino,Carnaval,album,en
Tristan Murail,Gondwana,album,fr
Tristan Murail,Gondwana,album,en
Gérard Grisey,Les Espaces acoustiques,album,fr
Gérard Grisey,Les Espaces acoustiques,album,en
Sofia Gubaidulina,Offertorium,album,fr
Sofia Gubaidulina,Offertorium,album,en
Valentin Silvestrov,Requiem for Larissa,album,fr
Valentin Silvestrov,Requiem for Larissa,album,en
John Adams,Nixon in China,album,fr
John Adams,Nixon in China,album,en
John Adams,Harmonielehre,album,fr
John Adams,Harmonielehre,album,en
Tan Dun,Ghost Opera,album,fr
Tan Dun,Ghost Opera,album,en
Steve Reich,,artist,fr
Steve Reich,,artist,en
Philip Glass,,artist,fr
Philip Glass,,artist,en
Arvo Pärt,,artist,fr
Arvo Pärt,,artist,en
Morton Feldman,,artist,fr
Morton Feldman,,artist,en
Iannis Xenakis,,artist,fr
Iannis Xenakis,,artist,en
John Cage,,artist,fr
John Cage,,artist,en
Terry Riley,,artist,fr
Terry Riley,,artist,en
Brian Eno,,artist,fr
Brian Eno,,artist,en
Pauline Oliveros,,artist,fr
Pauline Oliveros,,artist,en
Helmut Lachenmann,,artist,fr
Helmut Lachenmann,,artist,en
György Ligeti,,artist,fr
György Ligeti,,artist,en
Stars of the Lid,The Tired Sounds of Stars of the Lid,album,fr
Stars of the Lid,The Tired Sounds of Stars of the Lid,album,en
Labradford,E Luxo So,album,fr
Labradford,E Luxo So,album,en
Windy & Carl,Depths,album,fr
Windy & Carl,Depths,album,en
Loscil,Plume,album,fr
Loscil,Plume,album,en
Loscil,Sketches from New Brighton,album,fr
Loscil,Sketches from New Brighton,album,en
Biosphere,Substrata,album,fr
Biosphere,Substrata,album,en
The Sight Below,Glider,album,fr
The Sight Below,Glider,album,en
Rafael Anton Irisarri,The North Bend,album,fr
Rafael Anton Irisarri,The North Bend,album,en
Hammock,Chasing After Shadows... Living with the Ghosts,album,fr
Hammock,Chasing After Shadows... Living with the Ghosts,album,en
Johann Johannsson,Arrival,album,fr
Johann Johannsson,Arrival,album,en
Johann Johannsson,The Theory of Everything,album,fr
Johann Johannsson,The Theory of Everything,album,en
Max Richter,Sleep,album,fr
Max Richter,Sleep,album,en
Nils Frahm,Spaces,album,fr
Nils Frahm,Spaces,album,en
Nils Frahm,Felt,album,fr
Nils Frahm,Felt,album,en
Hauschka,Radar,album,fr
Hauschka,Radar,album,en
Dustin O'Halloran,Lumière,album,fr
Dustin O'Halloran,Lumière,album,en
Jóhann Jóhannsson,"IBM 1401, A User's Manual",album,fr
Jóhann Jóhannsson,"IBM 1401, A User's Manual",album,en
Ólafur Arnalds,And They Have Escaped the Weight of Darkness,album,fr
Ólafur Arnalds,And They Have Escaped the Weight of Darkness,album,en
Ryuichi Sakamoto,Thousand Knives,album,fr
Ryuichi Sakamoto,Thousand Knives,album,en
Ryuichi Sakamoto,Beauty,album,fr
Ryuichi Sakamoto,Beauty,album,en
Ryuichi Sakamoto,async,album,fr
Ryuichi Sakamoto,async,album,en
Harold Budd,Abandoned Cities,album,fr
Harold Budd,Abandoned Cities,album,en
Stars of the Lid,,artist,fr
Stars of the Lid,,artist,en
Nils Frahm,,artist,fr
Nils Frahm,,artist,en
Ryuichi Sakamoto,,artist,fr
Ryuichi Sakamoto,,artist,en
Johann Johannsson,,artist,fr
Johann Johannsson,,artist,en
Max Richter,,artist,fr
Max Richter,,artist,en
Hailu Mergia,Hailu Mergia & His Classical Instrument,album,fr
Hailu Mergia,Hailu Mergia & His Classical Instrument,album,en
Hailu Mergia,Lala Belu,album,fr
Hailu Mergia,Lala Belu,album,en
Mulatu Astatke,Ethiopiques Vol. 4,album,fr
Mulatu Astatke,Ethiopiques Vol. 4,album,en
Fela Kuti,Zombie,album,fr
Fela Kuti,Zombie,album,en
Fela Kuti,Expensive Shit,album,fr
Fela Kuti,Expensive Shit,album,en
Fela Kuti,Music of Many Colours,album,fr
Fela Kuti,Music of Many Colours,album,en
Tony Allen,No Accommodation for Lagos,album,fr
Tony Allen,No Accommodation for Lagos,album,en
William Onyeabor,Who Is William Onyeabor?,album,fr
William Onyeabor,Who Is William Onyeabor?,album,en
Tinariwen,Aman Iman,album,fr
Tinariwen,Aman Iman,album,en
Tinariwen,Tassili,album,fr
Tinariwen,Tassili,album,en
Bombino,Agadez,album,fr
Bombino,Agadez,album,en
Orchestra Baobab,Specialist in All Styles,album,fr
Orchestra Baobab,Specialist in All Styles,album,en
Youssou N'Dour,The Guide (Wommat),album,fr
Youssou N'Dour,The Guide (Wommat),album,en
Salif Keita,Soro,album,fr
Salif Keita,Soro,album,en
Ali Farka Touré,The River,album,fr
Ali Farka Touré,The River,album,en
Rokia Traoré,Bowmboï,album,fr
Rokia Traoré,Bowmboï,album,en
Angélique Kidjo,Logozo,album,fr
Angélique Kidjo,Logozo,album,en
Miriam Makeba,Pata Pata,album,fr
Miriam Makeba,Pata Pata,album,en
Hugh Masekela,Grazin' in the Grass,album,fr
Hugh Masekela,Grazin' in the Grass,album,en
Abdullah Ibrahim,Mannenberg,album,fr
Abdullah Ibrahim,Mannenberg,album,en
Ravi Shankar,West Meets East,album,fr
Ravi Shankar,West Meets East,album,en
Nusrat Fateh Ali Khan,Mustt Mustt,album,fr
Nusrat Fateh Ali Khan,Mustt Mustt,album,en
Nusrat Fateh Ali Khan,En Concert à Paris,album,fr
Nusrat Fateh Ali Khan,En Concert à Paris,album,en
Anouar Brahem,Barzakh,album,fr
Anouar Brahem,Barzakh,album,en
Khaled,Khaled,album,fr
Khaled,Khaled,album,en
Rachid Taha,Diwan,album,fr
Rachid Taha,Diwan,album,en
Transglobal Underground,Dream of 100 Nations,album,fr
Transglobal Underground,Dream of 100 Nations,album,en
Buena Vista Social Club,Buena Vista Social Club,album,fr
Buena Vista Social Club,Buena Vista Social Club,album,en
Caetano Veloso,Transa,album,fr
Caetano Veloso,Transa,album,en
Caetano Veloso,Livro,album,fr
Caetano Veloso,Livro,album,en
Gilberto Gil,Refazenda,album,fr
Gilberto Gil,Refazenda,album,en
Jorge Ben Jor,Força Bruta,album,fr
Jorge Ben Jor,Força Bruta,album,en
Os Mutantes,Os Mutantes,album,fr
Os Mutantes,Os Mutantes,album,en
Tom Zé,Estudando o Samba,album,fr
Tom Zé,Estudando o Samba,album,en
Hermeto Pascoal,Slaves Mass,album,fr
Hermeto Pascoal,Slaves Mass,album,en
João Gilberto,Getz/Gilberto,album,fr
João Gilberto,Getz/Gilberto,album,en
Astrud Gilberto,The Astrud Gilberto Album,album,fr
Astrud Gilberto,The Astrud Gilberto Album,album,en
Seu Jorge,Cru,album,fr
Seu Jorge,Cru,album,en
Fela Kuti,,artist,fr
Fela Kuti,,artist,en
Hailu Mergia,,artist,fr
Hailu Mergia,,artist,en
Tinariwen,,artist,fr
Tinariwen,,artist,en
Mulatu Astatke,,artist,fr
Mulatu Astatke,,artist,en
Tony Allen,,artist,fr
Tony Allen,,artist,en
Caetano Veloso,,artist,fr
Caetano Veloso,,artist,en
Youssou N'Dour,,artist,fr
Youssou N'Dour,,artist,en
Nusrat Fateh Ali Khan,,artist,fr
Nusrat Fateh Ali Khan,,artist,en
Ravi Shankar,,artist,fr
Ravi Shankar,,artist,en
Anouar Brahem,,artist,fr
Anouar Brahem,,artist,en
Alain Bashung,Fantaisie Militaire,album,fr
Alain Bashung,Fantaisie Militaire,album,en
Alain Bashung,Osez Joséphine,album,fr
Alain Bashung,Osez Joséphine,album,en
Alain Bashung,Bleu Pétrole,album,fr
Alain Bashung,Bleu Pétrole,album,en
Alain Bashung,L'Imprudence,album,fr
Alain Bashung,L'Imprudence,album,en
Barbara,Ma Plus Belle Histoire d'Amour,album,fr
Barbara,Ma Plus Belle Histoire d'Amour,album,en
Barbara,L'Aigle Noir,album,fr
Barbara,L'Aigle Noir,album,en
Léo Ferré,Avec le temps,album,fr
Léo Ferré,Avec le temps,album,en
Léo Ferré,La Solitude,album,fr
Léo Ferré,La Solitude,album,en
Jacques Brel,Les Bourgeois,album,fr
Jacques Brel,Les Bourgeois,album,en
Jacques Brel,Ne me quitte pas,album,fr
Jacques Brel,Ne me quitte pas,album,en
Georges Brassens,La Mauvaise Réputation,album,fr
Georges Brassens,La Mauvaise Réputation,album,en
Serge Gainsbourg,Histoire de Melody Nelson,album,fr
Serge Gainsbourg,Histoire de Melody Nelson,album,en
Serge Gainsbourg,L'Homme à tête de chou,album,fr
Serge Gainsbourg,L'Homme à tête de chou,album,en
Serge Gainsbourg,Aux Armes et cætera,album,fr
Serge Gainsbourg,Aux Armes et cætera,album,en
Brigitte Fontaine,Comme à la Radio,album,fr
Brigitte Fontaine,Comme à la Radio,album,en
Brigitte Fontaine,Zorglub,album,fr
Brigitte Fontaine,Zorglub,album,en
Étienne Daho,Pop Satori,album,fr
Étienne Daho,Pop Satori,album,en
Étienne Daho,L'Homme qui marche,album,fr
Étienne Daho,L'Homme qui marche,album,en
Dominique A,La Fossette,album,fr
Dominique A,La Fossette,album,en
Dominique A,Remué,album,fr
Dominique A,Remué,album,en
Vincent Delerm,Les Piqûres d'araignée,album,fr
Vincent Delerm,Les Piqûres d'araignée,album,en
Benjamin Biolay,Rose Kennedy,album,fr
Benjamin Biolay,Rose Kennedy,album,en
Benjamin Biolay,Négatif,album,fr
Benjamin Biolay,Négatif,album,en
Camille,Le Fil,album,fr
Camille,Le Fil,album,en
Camille,Music Hole,album,fr
Camille,Music Hole,album,en
Miossec,Boire,album,fr
Miossec,Boire,album,en
Miossec,Finistériens,album,fr
Miossec,Finistériens,album,en
Arno,Ratata,album,fr
Arno,Ratata,album,en
La Femme,Psycho Tropical Berlin,album,fr
La Femme,Psycho Tropical Berlin,album,en
La Femme,Mystère,album,fr
La Femme,Mystère,album,en
Christine and the Queens,Chaleur humaine,album,fr
Christine and the Queens,Chaleur humaine,album,en
Christine and the Queens,Chris,album,fr
Christine and the Queens,Chris,album,en
Flavien Berger,Contre-Temps,album,fr
Flavien Berger,Contre-Temps,album,en
Juliette Armanet,Petite Amie,album,fr
Juliette Armanet,Petite Amie,album,en
Pomme,À peu près,album,fr
Pomme,À peu près,album,en
Bertrand Belin,Persona,album,fr
Bertrand Belin,Persona,album,en
Dominique Dalcan,Les Vacances du Peuple,album,fr
Dominique Dalcan,Les Vacances du Peuple,album,en
Jacques Higelin,Alertez les bébés!,album,fr
Jacques Higelin,Alertez les bébés!,album,en
Renaud,Marche à l'ombre,album,fr
Renaud,Marche à l'ombre,album,en
Renaud,Morgane de toi,album,fr
Renaud,Morgane de toi,album,en
Alain Bashung,,artist,fr
Alain Bashung,,artist,en
Serge Gainsbourg,,artist,fr
Serge Gainsbourg,,artist,en
Barbara,,artist,fr
Barbara,,artist,en
Léo Ferré,,artist,fr
Léo Ferré,,artist,en
Jacques Brel,,artist,fr
Jacques Brel,,artist,en
Brigitte Fontaine,,artist,fr
Brigitte Fontaine,,artist,en
Dominique A,,artist,fr
Dominique A,,artist,en
Camille,,artist,fr
Camille,,artist,en
Christine and the Queens,,artist,fr
Christine and the Queens,,artist,en
La Femme,,artist,fr
La Femme,,artist,en
Benjamin Biolay,,artist,fr
Benjamin Biolay,,artist,en
Miossec,,artist,fr
Miossec,,artist,en
Renaud,,artist,fr
Renaud,,artist,en
Neurosis,Through Silver in Blood,album,fr
Neurosis,Through Silver in Blood,album,en
Neurosis,Times of Grace,album,fr
Neurosis,Times of Grace,album,en
Sunn O))),Black One,album,fr
Sunn O))),Black One,album,en
Sunn O))),Monoliths & Dimensions,album,fr
Sunn O))),Monoliths & Dimensions,album,en
Wolves in the Throne Room,Two Hunters,album,fr
Wolves in the Throne Room,Two Hunters,album,en
Deathspell Omega,"Si Monumentum Requires, Circumspice",album,fr
Deathspell Omega,"Si Monumentum Requires, Circumspice",album,en
Deathspell Omega,Paracletus,album,fr
Deathspell Omega,Paracletus,album,en
Mgła,Exercises in Futility,album,fr
Mgła,Exercises in Futility,album,en
Mgła,With Hearts Toward None,album,fr
Mgła,With Hearts Toward None,album,en
Batushka,Litourgiya,album,fr
Batushka,Litourgiya,album,en
Alcest,Souvenirs d'un autre monde,album,fr
Alcest,Souvenirs d'un autre monde,album,en
Alcest,Écailles de lune,album,fr
Alcest,Écailles de lune,album,en
Agalloch,Ashes Against the Grain,album,fr
Agalloch,Ashes Against the Grain,album,en
Agalloch,The Mantle,album,fr
Agalloch,The Mantle,album,en
ISIS,Oceanic,album,fr
ISIS,Oceanic,album,en
ISIS,Panopticon,album,fr
ISIS,Panopticon,album,en
Isis,Celestial,album,fr
Isis,Celestial,album,en
Pelican,The Fire in Our Throats Will Beckon the Thaw,album,fr
Pelican,The Fire in Our Throats Will Beckon the Thaw,album,en
Earth,Earth 2,album,fr
Earth,Earth 2,album,en
Earth,Hex; Or Printing in the Infernal Method,album,fr
Earth,Hex; Or Printing in the Infernal Method,album,en
Boris,Flood,album,fr
Boris,Flood,album,en
Boris,Pink,album,fr
Boris,Pink,album,en
Mastodon,Leviathan,album,fr
Mastodon,Leviathan,album,en
Mastodon,Blood Mountain,album,fr
Mastodon,Blood Mountain,album,en
Converge,Jane Doe,album,fr
Converge,Jane Doe,album,en
Botch,We Are the Romans,album,fr
Botch,We Are the Romans,album,en
Cult of Luna,Somewhere Along the Highway,album,fr
Cult of Luna,Somewhere Along the Highway,album,en
Russian Circles,Memorial,album,fr
Russian Circles,Memorial,album,en
Amenra,Mass V,album,fr
Amenra,Mass V,album,en
The Ocean,Pelagial,album,fr
The Ocean,Pelagial,album,en
Yob,Clearing the Path to Ascend,album,fr
Yob,Clearing the Path to Ascend,album,en
Primitive Man,Caustic,album,fr
Primitive Man,Caustic,album,en
Thou,Magus,album,fr
Thou,Magus,album,en
Inter Arma,Sky Burial,album,fr
Inter Arma,Sky Burial,album,en
Oranssi Pazuzu,Värähtelijä,album,fr
Oranssi Pazuzu,Värähtelijä,album,en
Oranssi Pazuzu,Mestarin kynsi,album,fr
Oranssi Pazuzu,Mestarin kynsi,album,en
Peste Noire,La Sanie des siècles,album,fr
Peste Noire,La Sanie des siècles,album,en
Darkthrone,Transilvanian Hunger,album,fr
Darkthrone,Transilvanian Hunger,album,en
Mayhem,De Mysteriis Dom Sathanas,album,fr
Mayhem,De Mysteriis Dom Sathanas,album,en
Burzum,Filosofem,album,fr
Burzum,Filosofem,album,en
Emperor,In the Nightside Eclipse,album,fr
Emperor,In the Nightside Eclipse,album,en
Ulver,Bergtatt,album,fr
Ulver,Bergtatt,album,en
Ulver,Themes from William Blake's The Marriage of Heaven and Hell,album,fr
Ulver,Themes from William Blake's The Marriage of Heaven and Hell,album,en
Neurosis,,artist,fr
Neurosis,,artist,en
Sunn O))),,artist,fr
Sunn O))),,artist,en
Deathspell Omega,,artist,fr
Deathspell Omega,,artist,en
Mgła,,artist,fr
Mgła,,artist,en
Alcest,,artist,fr
Alcest,,artist,en
ISIS,,artist,fr
ISIS,,artist,en
Boris,,artist,fr
Boris,,artist,en
Oranssi Pazuzu,,artist,fr
Oranssi Pazuzu,,artist,en
Earth,,artist,fr
Earth,,artist,en
Wolves in the Throne Room,,artist,fr
Wolves in the Throne Room,,artist,en
Converge,,artist,fr
Converge,,artist,en
Thou,,artist,fr
Thou,,artist,en
D'Angelo,Voodoo,album,fr
D'Angelo,Voodoo,album,en
D'Angelo,Black Messiah,album,fr
D'Angelo,Black Messiah,album,en
Marvin Gaye,What's Going On,album,fr
Marvin Gaye,What's Going On,album,en
Marvin Gaye,Let's Get It On,album,fr
Marvin Gaye,Let's Get It On,album,en
Marvin Gaye,"Here, My Dear",album,fr
Marvin Gaye,"Here, My Dear",album,en
Curtis Mayfield,Superfly,album,fr
Curtis Mayfield,Superfly,album,en
Curtis Mayfield,There's No Place Like America Today,album,fr
Curtis Mayfield,There's No Place Like America Today,album,en
Sly & the Family Stone,There's a Riot Goin' On,album,fr
Sly & the Family Stone,There's a Riot Goin' On,album,en
Sly & the Family Stone,Stand!,album,fr
Sly & the Family Stone,Stand!,album,en
James Brown,Sex Machine,album,fr
James Brown,Sex Machine,album,en
Isaac Hayes,Hot Buttered Soul,album,fr
Isaac Hayes,Hot Buttered Soul,album,en
Isaac Hayes,Shaft,album,fr
Isaac Hayes,Shaft,album,en
Gil Scott-Heron,Pieces of a Man,album,fr
Gil Scott-Heron,Pieces of a Man,album,en
Gil Scott-Heron,Winter in America,album,fr
Gil Scott-Heron,Winter in America,album,en
Nina Simone,Black Gold,album,fr
Nina Simone,Black Gold,album,en
Nina Simone,Pastel Blues,album,fr
Nina Simone,Pastel Blues,album,en
Bill Withers,Still Bill,album,fr
Bill Withers,Still Bill,album,en
Al Green,Let's Stay Together,album,fr
Al Green,Let's Stay Together,album,en
Donny Hathaway,Live,album,fr
Donny Hathaway,Live,album,en
Stevie Wonder,Innervisions,album,fr
Stevie Wonder,Innervisions,album,en
Stevie Wonder,Songs in the Key of Life,album,fr
Stevie Wonder,Songs in the Key of Life,album,en
Prince,Sign 'O' the Times,album,fr
Prince,Sign 'O' the Times,album,en
Prince,Purple Rain,album,fr
Prince,Purple Rain,album,en
Prince,Around the World in a Day,album,fr
Prince,Around the World in a Day,album,en
Janet Jackson,Control,album,fr
Janet Jackson,Control,album,en
Janet Jackson,Rhythm Nation 1814,album,fr
Janet Jackson,Rhythm Nation 1814,album,en
Maxwell,Urban Hang Suite,album,fr
Maxwell,Urban Hang Suite,album,en
Erykah Badu,Baduizm,album,fr
Erykah Badu,Baduizm,album,en
Erykah Badu,Mama's Gun,album,fr
Erykah Badu,Mama's Gun,album,en
Erykah Badu,New Amerykah Part One,album,fr
Erykah Badu,New Amerykah Part One,album,en
Lauryn Hill,The Miseducation of Lauryn Hill,album,fr
Lauryn Hill,The Miseducation of Lauryn Hill,album,en
Meshell Ndegeocello,Bitter,album,fr
Meshell Ndegeocello,Bitter,album,en
Blood Orange,Freetown Sound,album,fr
Blood Orange,Freetown Sound,album,en
Hiatus Kaiyote,Choose Your Weapon,album,fr
Hiatus Kaiyote,Choose Your Weapon,album,en
BadBadNotGood,IV,album,fr
BadBadNotGood,IV,album,en
Sampha,Process,album,fr
Sampha,Process,album,en
Sault,Untitled (Black Is),album,fr
Sault,Untitled (Black Is),album,en
Sault,9,album,fr
Sault,9,album,en
D'Angelo,,artist,fr
D'Angelo,,artist,en
Marvin Gaye,,artist,fr
Marvin Gaye,,artist,en
Curtis Mayfield,,artist,fr
Curtis Mayfield,,artist,en
Sly & the Family Stone,,artist,fr
Sly & the Family Stone,,artist,en
Gil Scott-Heron,,artist,fr
Gil Scott-Heron,,artist,en
Nina Simone,,artist,fr
Nina Simone,,artist,en
Stevie Wonder,,artist,fr
Stevie Wonder,,artist,en
Prince,,artist,fr
Prince,,artist,en
Erykah Badu,,artist,fr
Erykah Badu,,artist,en
Lauryn Hill,,artist,fr
Lauryn Hill,,artist,en
Sault,,artist,fr
Sault,,artist,en
Blood Orange,,artist,fr
Blood Orange,,artist,en
Hiatus Kaiyote,,artist,fr
Hiatus Kaiyote,,artist,en
